"FullName","Length","LastWriteTime"
"C:\Users\adrie\AppData\Roaming\Blender Foundation\Blender\4.5\scripts\addons\ares\helpers",,"16/10/2025 15:34:07"
"C:\Users\adrie\AppData\Roaming\Blender Foundation\Blender\4.5\scripts\addons\ares\modules",,"16/10/2025 15:34:07"
"C:\Users\adrie\AppData\Roaming\Blender Foundation\Blender\4.5\scripts\addons\ares\.gitkeep","0","16/10/2025 15:34:07"
"C:\Users\adrie\AppData\Roaming\Blender Foundation\Blender\4.5\scripts\addons\ares\__init__.py","2727","16/10/2025 15:34:07"
"C:\Users\adrie\AppData\Roaming\Blender Foundation\Blender\4.5\scripts\addons\ares\helpers\engine.py","676","16/10/2025 15:34:07"
"C:\Users\adrie\AppData\Roaming\Blender Foundation\Blender\4.5\scripts\addons\ares\helpers\materials.py","1875","16/10/2025 15:34:07"
"C:\Users\adrie\AppData\Roaming\Blender Foundation\Blender\4.5\scripts\addons\ares\helpers\objects.py","1183","16/10/2025 15:34:07"
"C:\Users\adrie\AppData\Roaming\Blender Foundation\Blender\4.5\scripts\addons\ares\helpers\__init__.py","340","16/10/2025 15:34:07"
"C:\Users\adrie\AppData\Roaming\Blender Foundation\Blender\4.5\scripts\addons\ares\modules\animals",,"16/10/2025 15:34:07"
"C:\Users\adrie\AppData\Roaming\Blender Foundation\Blender\4.5\scripts\addons\ares\modules\render_bg",,"16/10/2025 15:34:07"
"C:\Users\adrie\AppData\Roaming\Blender Foundation\Blender\4.5\scripts\addons\ares\modules\turntable",,"16/10/2025 15:34:07"
"C:\Users\adrie\AppData\Roaming\Blender Foundation\Blender\4.5\scripts\addons\ares\modules\animals\simple.py","1192","16/10/2025 15:34:07"
"C:\Users\adrie\AppData\Roaming\Blender Foundation\Blender\4.5\scripts\addons\ares\modules\animals\__init__.py","78","16/10/2025 15:34:07"
"C:\Users\adrie\AppData\Roaming\Blender Foundation\Blender\4.5\scripts\addons\ares\modules\render_bg\demo.py","2944","16/10/2025 15:34:07"
"C:\Users\adrie\AppData\Roaming\Blender Foundation\Blender\4.5\scripts\addons\ares\modules\render_bg\render_bg.py","4789","16/10/2025 15:34:07"
"C:\Users\adrie\AppData\Roaming\Blender Foundation\Blender\4.5\scripts\addons\ares\modules\render_bg\__init__.py","81","16/10/2025 15:34:07"
"C:\Users\adrie\AppData\Roaming\Blender Foundation\Blender\4.5\scripts\addons\ares\modules\turntable\turntable.py","2737","16/10/2025 15:34:07"
"C:\Users\adrie\AppData\Roaming\Blender Foundation\Blender\4.5\scripts\addons\ares\modules\turntable\__init__.py","75","16/10/2025 15:34:07"
